<?xml version="1.0" encoding="UTF-8"?>
<!DOCTYPE suite SYSTEM "https://testng.org/testng-1.0.dtd">
<suite parallel="tests" name="Suite">
	<listeners>
		<listener class-name="KomalGupta.TestComponents.Listeners"/>
	</listeners>
  <test thread-count="5" name="Stand Alone Test">
    <classes>
      <class name="KomalGupta.Tests.StandAloneTest"/>
    </classes>
  </test> <!-- Test -->
  <test thread-count="5" name="Error Validation Test">
    <classes>
      <class name="KomalGupta.Tests.ErrorValidation"/>
    </classes>
  </test> <!-- Test -->
</suite> <!-- Suite -->

